"Name";"Version";"Hersteller";"Quelle";"InstallDatum"
"A Plague Tale: Innocence";"";"Asobo Studio";"HKLM:\Software\Microsoft\Windows\CurrentVersion\Uninstall\*";""
"Adobe Acrobat (64-bit)";"25.001.20937";"Adobe";"HKLM:\Software\Microsoft\Windows\CurrentVersion\Uninstall\*";"20251120"
"Adobe Refresh Manager";"1.8.0";"Adobe Systems Incorporated";"HKLM:\Software\WOW6432Node\Microsoft\Windows\CurrentVersion\Uninstall\*";"20260220"
"Age of Empires II (2013)";"";"Skybox Labs";"HKLM:\Software\Microsoft\Windows\CurrentVersion\Uninstall\*";""
"Age of Empires III: Definitive Edition";"";"World's Edge";"HKLM:\Software\Microsoft\Windows\CurrentVersion\Uninstall\*";""
"AION - Translator Application";"";"ONBI";"HKLM:\Software\Microsoft\Windows\CurrentVersion\Uninstall\*";""
"AION Free-to-Play";"";"NCSOFT";"HKLM:\Software\Microsoft\Windows\CurrentVersion\Uninstall\*";""
"Alan Wake";"";"Remedy Entertainment";"HKLM:\Software\Microsoft\Windows\CurrentVersion\Uninstall\*";""
"Albion Online";"";"Sandbox Interactive GmbH";"HKLM:\Software\WOW6432Node\Microsoft\Windows\CurrentVersion\Uninstall\*";""
"America's Army: Proving Grounds";"";"U.S. Army";"HKLM:\Software\Microsoft\Windows\CurrentVersion\Uninstall\*";""
"Ancestors: The Humankind Odyssey ";"";"Panache Digital Games";"HKLM:\Software\Microsoft\Windows\CurrentVersion\Uninstall\*";""
"Animaze";"";"Holotech Studios Inc.";"HKLM:\Software\Microsoft\Windows\CurrentVersion\Uninstall\*";""
"Anno 117: Pax Romana";"";"Ubisoft Mainz";"HKLM:\Software\Microsoft\Windows\CurrentVersion\Uninstall\*";""
"Anno 1800";"";"Ubisoft Mainz";"HKLM:\Software\Microsoft\Windows\CurrentVersion\Uninstall\*";""
"Anno 2205";"";"Blue Byte";"HKLM:\Software\Microsoft\Windows\CurrentVersion\Uninstall\*";""
"Anno Online";"";"Blue Byte";"HKLM:\Software\Microsoft\Windows\CurrentVersion\Uninstall\*";""
"AnyBurn";"6.8";"Power Software Ltd";"HKLM:\Software\WOW6432Node\Microsoft\Windows\CurrentVersion\Uninstall\*";""
"AnyDesk";"ad 9.7.2";"AnyDesk Software GmbH";"HKLM:\Software\WOW6432Node\Microsoft\Windows\CurrentVersion\Uninstall\*";""
"Application Verifier x64 External Package (DesktopEditions)";"10.1.22621.5040";"Microsoft";"HKLM:\Software\Microsoft\Windows\CurrentVersion\Uninstall\*";"20250521"
"Application Verifier x64 External Package (OnecoreUAP)";"10.1.22621.5040";"Microsoft";"HKLM:\Software\Microsoft\Windows\CurrentVersion\Uninstall\*";"20250521"
"Arc";"3.0";"Arc Games Inc.";"HKLM:\Software\WOW6432Node\Microsoft\Windows\CurrentVersion\Uninstall\*";"20251110"
"Article Wizard";"1.0.0";"MySEOSolution";"HKLM:\Software\WOW6432Node\Microsoft\Windows\CurrentVersion\Uninstall\*";"20231128"
"Assassin's Creed Origins";"";"Ubisoft Montreal";"HKLM:\Software\Microsoft\Windows\CurrentVersion\Uninstall\*";""
"AutoHotkey";"2.0.24";"AutoHotkey Foundation LLC";"HKLM:\Software\Microsoft\Windows\CurrentVersion\Uninstall\*";""
"Backpack Battles";"";"PlayWithFurcifer";"HKLM:\Software\Microsoft\Windows\CurrentVersion\Uninstall\*";""
"Backpack Battles Demo";"";"PlayWithFurcifer";"HKLM:\Software\Microsoft\Windows\CurrentVersion\Uninstall\*";""
"Baldur's Gate 3";"";"Larian Studios";"HKLM:\Software\Microsoft\Windows\CurrentVersion\Uninstall\*";""
"balenaEtcher";"2.1.4";"Balena Ltd. <hello@balena.io>";"HKCU:\Software\Microsoft\Windows\CurrentVersion\Uninstall\*";"20250731"
"Banished";"";"Shining Rock Software LLC";"HKLM:\Software\Microsoft\Windows\CurrentVersion\Uninstall\*";""
"Battle.net";"";"Blizzard Entertainment";"HKLM:\Software\WOW6432Node\Microsoft\Windows\CurrentVersion\Uninstall\*";""
"Battlefield: Bad Company™ 2";"";"DICE";"HKLM:\Software\Microsoft\Windows\CurrentVersion\Uninstall\*";""
"Battlefield™ 6";"";"Battlefield Studios";"HKLM:\Software\Microsoft\Windows\CurrentVersion\Uninstall\*";""
"Battlefield™ 6 Open Beta";"1.0.377.48761";"Electronic Arts";"HKLM:\Software\WOW6432Node\Microsoft\Windows\CurrentVersion\Uninstall\*";""
"Bayonetta";"";"PlatinumGames";"HKLM:\Software\Microsoft\Windows\CurrentVersion\Uninstall\*";""
"Blender";"";"Blender Foundation";"HKLM:\Software\Microsoft\Windows\CurrentVersion\Uninstall\*";""
"Bloons Monkey City";"";"Ninja Kiwi";"HKLM:\Software\Microsoft\Windows\CurrentVersion\Uninstall\*";""
"Bloons TD Battles 2";"";"Ninja Kiwi";"HKLM:\Software\Microsoft\Windows\CurrentVersion\Uninstall\*";""
"Bonjour";"3.0.0.10";"Apple Inc.";"HKLM:\Software\Microsoft\Windows\CurrentVersion\Uninstall\*";"20260105"
"Borderlands 2";"";"Gearbox Software";"HKLM:\Software\Microsoft\Windows\CurrentVersion\Uninstall\*";""
"Borderlands 3";"";"Gearbox Software";"HKLM:\Software\Microsoft\Windows\CurrentVersion\Uninstall\*";""
"Borderlands GOTY";"";"Gearbox Software";"HKLM:\Software\Microsoft\Windows\CurrentVersion\Uninstall\*";""
"Borderlands GOTY Enhanced";"";"Gearbox Software";"HKLM:\Software\Microsoft\Windows\CurrentVersion\Uninstall\*";""
"Borderlands: The Pre-Sequel";"";"2K Australia";"HKLM:\Software\Microsoft\Windows\CurrentVersion\Uninstall\*";""
"Brawlhalla";"";"Blue Mammoth Games";"HKLM:\Software\Microsoft\Windows\CurrentVersion\Uninstall\*";""
"Bright Memory Infinite Ray Tracing Benchmark";"";"FYQD-Studio";"HKLM:\Software\Microsoft\Windows\CurrentVersion\Uninstall\*";""
"Broken Arrow";"";"Steel Balalaika";"HKLM:\Software\Microsoft\Windows\CurrentVersion\Uninstall\*";""
"Brotato";"";"Blobfish";"HKLM:\Software\Microsoft\Windows\CurrentVersion\Uninstall\*";""
"Call to Arms - Gates of Hell: Ostfront";"";"Barbedwire Studios";"HKLM:\Software\Microsoft\Windows\CurrentVersion\Uninstall\*";""
"Cataclysm Classic";"";"Blizzard Entertainment";"HKLM:\Software\WOW6432Node\Microsoft\Windows\CurrentVersion\Uninstall\*";""
"CCleaner 7";"7.7.1313.1667";"Piriform";"HKLM:\Software\Microsoft\Windows\CurrentVersion\Uninstall\*";""
"Chrome Remote Desktop";"1.0";"Google\Chrome";"HKCU:\Software\Microsoft\Windows\CurrentVersion\Uninstall\*";"20240129"
"Chrome Remote Desktop Host";"148.0.7778.23";"Google LLC";"HKLM:\Software\WOW6432Node\Microsoft\Windows\CurrentVersion\Uninstall\*";"20260428"
"Cities: Skylines";"";"Colossal Order Ltd.";"HKLM:\Software\Microsoft\Windows\CurrentVersion\Uninstall\*";""
"Clicker Guild";"";"Fox Dawn";"HKLM:\Software\Microsoft\Windows\CurrentVersion\Uninstall\*";""
"Command & Conquer™: Generals and Zero Hour";"1.0.0.0";"Electronic Arts, Inc.";"HKLM:\Software\WOW6432Node\Microsoft\Windows\CurrentVersion\Uninstall\*";""
"Company of Heroes ";"";"Relic Entertainment";"HKLM:\Software\Microsoft\Windows\CurrentVersion\Uninstall\*";""
"Company of Heroes - Legacy Edition";"";"Relic Entertainment";"HKLM:\Software\Microsoft\Windows\CurrentVersion\Uninstall\*";""
"Company of Heroes 2";"";"Relic Entertainment";"HKLM:\Software\Microsoft\Windows\CurrentVersion\Uninstall\*";""
"Company of Heroes 3";"";"Relic Entertainment";"HKLM:\Software\Microsoft\Windows\CurrentVersion\Uninstall\*";""
"Company of Heroes: Opposing Fronts";"";"Relic Entertainment";"HKLM:\Software\Microsoft\Windows\CurrentVersion\Uninstall\*";""
"Company of Heroes: Tales of Valor";"";"Relic Entertainment";"HKLM:\Software\Microsoft\Windows\CurrentVersion\Uninstall\*";""
"Conqueror's Blade";"";"Booming Tech";"HKLM:\Software\Microsoft\Windows\CurrentVersion\Uninstall\*";""
"Corsair iCUE5 Software";"5.14.93";"Corsair";"HKLM:\Software\Microsoft\Windows\CurrentVersion\Uninstall\*";""
"Cosmoteer: Raumschiffarchitekt & Kommandant";"";"Walternate Realities";"HKLM:\Software\Microsoft\Windows\CurrentVersion\Uninstall\*";""
"Counter-Strike 2";"";"Valve";"HKLM:\Software\Microsoft\Windows\CurrentVersion\Uninstall\*";""
"Crusader Kings II";"";"Paradox Development Studio";"HKLM:\Software\Microsoft\Windows\CurrentVersion\Uninstall\*";""
"Crusader Kings III";"";"Paradox Development Studio";"HKLM:\Software\Microsoft\Windows\CurrentVersion\Uninstall\*";""
"Cult of the Lamb";"";"Massive Monster";"HKLM:\Software\Microsoft\Windows\CurrentVersion\Uninstall\*";""
"Cuphead";"";"Studio MDHR Entertainment Inc.";"HKLM:\Software\Microsoft\Windows\CurrentVersion\Uninstall\*";""
"CurseForge 1.302.1-33108";"1.302.1-33108";"Overwolf";"HKCU:\Software\Microsoft\Windows\CurrentVersion\Uninstall\*";""
"Cyberpunk 2077";"";"CD PROJEKT RED";"HKLM:\Software\Microsoft\Windows\CurrentVersion\Uninstall\*";""
"DARK SOULS™ III";"";"FromSoftware, Inc.";"HKLM:\Software\Microsoft\Windows\CurrentVersion\Uninstall\*";""
"DARK SOULS™: REMASTERED";"";"QLOC";"HKLM:\Software\Microsoft\Windows\CurrentVersion\Uninstall\*";""
"Deep Rock Galactic";"";"Ghost Ship Games";"HKLM:\Software\Microsoft\Windows\CurrentVersion\Uninstall\*";""
"Democracy 4";"";"Positech Games";"HKLM:\Software\Microsoft\Windows\CurrentVersion\Uninstall\*";""
"Destroy All Humans!";"";"Black Forest Games";"HKLM:\Software\Microsoft\Windows\CurrentVersion\Uninstall\*";""
"Diablo IV";"";"Blizzard Entertainment";"HKLM:\Software\WOW6432Node\Microsoft\Windows\CurrentVersion\Uninstall\*";""
"DiagnosticsHub_CollectionService";"17.14.36412";"Microsoft Corporation";"HKLM:\Software\Microsoft\Windows\CurrentVersion\Uninstall\*";"20251025"
"Discord";"1.0.9229";"Discord Inc.";"HKCU:\Software\Microsoft\Windows\CurrentVersion\Uninstall\*";"20263618"
"Docker Desktop";"4.71.0";"Docker Inc.";"HKLM:\Software\Microsoft\Windows\CurrentVersion\Uninstall\*";""
"Dota 2";"";"Valve";"HKLM:\Software\Microsoft\Windows\CurrentVersion\Uninstall\*";""
"Dota Underlords";"";"Valve";"HKLM:\Software\Microsoft\Windows\CurrentVersion\Uninstall\*";""
"Dragon Age: Origins - Ultimate Edition";"";"BioWare";"HKLM:\Software\Microsoft\Windows\CurrentVersion\Uninstall\*";""
"Dragon Age™ Inquisition";"";"BioWare";"HKLM:\Software\Microsoft\Windows\CurrentVersion\Uninstall\*";""
"Driver Booster for Steam";"";"IObit";"HKLM:\Software\Microsoft\Windows\CurrentVersion\Uninstall\*";""
"Dungeon Defenders II";"";"Chromatic Games";"HKLM:\Software\Microsoft\Windows\CurrentVersion\Uninstall\*";""
"Dungeon Explorer";"";"KiokLI";"HKLM:\Software\Microsoft\Windows\CurrentVersion\Uninstall\*";""
"EdrawMind(Build 10.7.2.204)";"10.7.2.204";"EdrawSoft Co.,Ltd.";"HKLM:\Software\WOW6432Node\Microsoft\Windows\CurrentVersion\Uninstall\*";"20231007"
"ELDEN RING";"";"FromSoftware Inc.";"HKLM:\Software\Microsoft\Windows\CurrentVersion\Uninstall\*";""
"Enshrouded";"";"Keen Games GmbH";"HKLM:\Software\Microsoft\Windows\CurrentVersion\Uninstall\*";""
"Epic Games Launcher";"1.3.176.0";"Epic Games, Inc.";"HKLM:\Software\Microsoft\Windows\CurrentVersion\Uninstall\*";"20260323"
"Epic Online Services";"4.3.1";"Epic Games, Inc.";"HKLM:\Software\WOW6432Node\Microsoft\Windows\CurrentVersion\Uninstall\*";"20260323"
"Escape from Monkey Island™";"";"LucasArts";"HKLM:\Software\Microsoft\Windows\CurrentVersion\Uninstall\*";""
"Eternal Return";"";"Nimble Neuron";"HKLM:\Software\Microsoft\Windows\CurrentVersion\Uninstall\*";""
"Europa Universalis IV";"";"Paradox Development Studio";"HKLM:\Software\Microsoft\Windows\CurrentVersion\Uninstall\*";""
"Europa Universalis V";"";"Paradox Tinto";"HKLM:\Software\Microsoft\Windows\CurrentVersion\Uninstall\*";""
"EVE Online";"";"CCP";"HKLM:\Software\Microsoft\Windows\CurrentVersion\Uninstall\*";""
"Fallout 4";"";"Bethesda Game Studios";"HKLM:\Software\Microsoft\Windows\CurrentVersion\Uninstall\*";""
"Fallout Shelter";"";"Bethesda Game Studios";"HKLM:\Software\Microsoft\Windows\CurrentVersion\Uninstall\*";""
"Fangs";"";"Hidden Leaf Games";"HKLM:\Software\Microsoft\Windows\CurrentVersion\Uninstall\*";""
"Fellowship";"";"Chief Rebel";"HKLM:\Software\Microsoft\Windows\CurrentVersion\Uninstall\*";""
"Fences 3";"";"Stardock";"HKLM:\Software\Microsoft\Windows\CurrentVersion\Uninstall\*";""
"FFmpeg";"8.1";"Gyan";"HKCU:\Software\Microsoft\Windows\CurrentVersion\Uninstall\*";"20260401"
"FINAL FANTASY VII REMAKE INTERGRADE";"";"Square Enix";"HKLM:\Software\Microsoft\Windows\CurrentVersion\Uninstall\*";""
"Forts";"";"EarthWork Games";"HKLM:\Software\Microsoft\Windows\CurrentVersion\Uninstall\*";""
"Frostpunk";"";"11 bit studios";"HKLM:\Software\Microsoft\Windows\CurrentVersion\Uninstall\*";""
"GameRanger";"";"GameRanger Technologies";"HKCU:\Software\Microsoft\Windows\CurrentVersion\Uninstall\*";"20241217"
"Ghost of Tsushima DIRECTOR'S CUT";"";"Sucker Punch Productions";"HKLM:\Software\Microsoft\Windows\CurrentVersion\Uninstall\*";""
"Git";"2.51.1";"The Git Development Community";"HKLM:\Software\Microsoft\Windows\CurrentVersion\Uninstall\*";"20251025"
"God of War";"";"Santa Monica Studio";"HKLM:\Software\Microsoft\Windows\CurrentVersion\Uninstall\*";""
"Google Chrome";"147.0.7727.138";"Google LLC";"HKLM:\Software\WOW6432Node\Microsoft\Windows\CurrentVersion\Uninstall\*";"20260501"
"Google Update Helper";"1.3.33.23";"Google Inc.";"HKLM:\Software\WOW6432Node\Microsoft\Windows\CurrentVersion\Uninstall\*";"20231007"
"Gource";"0.53";"acaudwell";"HKLM:\Software\WOW6432Node\Microsoft\Windows\CurrentVersion\Uninstall\*";""
"GPT4All";"3.10.0";"Nomic, Inc.";"HKCU:\Software\Microsoft\Windows\CurrentVersion\Uninstall\*";"Sun Sep 7 18:29:44 2025"
"Grand Theft Auto V";"";"Rockstar North";"HKLM:\Software\Microsoft\Windows\CurrentVersion\Uninstall\*";""
"Grim Dawn";"";"Crate Entertainment";"HKLM:\Software\Microsoft\Windows\CurrentVersion\Uninstall\*";""
"GRIS";"";"Nomada Studio";"HKLM:\Software\Microsoft\Windows\CurrentVersion\Uninstall\*";""
"Guild Wars 2";"";"ArenaNet®";"HKLM:\Software\Microsoft\Windows\CurrentVersion\Uninstall\*";""
"GUNS UP!";"";"Valkyrie Entertainment, LLC";"HKLM:\Software\Microsoft\Windows\CurrentVersion\Uninstall\*";""
"GWENT: The Witcher Card Game";"";"CD PROJEKT RED";"HKLM:\Software\Microsoft\Windows\CurrentVersion\Uninstall\*";""
"HASS.Agent";"2214.0.3";"LAB02 Research";"HKLM:\Software\WOW6432Node\Microsoft\Windows\CurrentVersion\Uninstall\*";"20241113"
"Hearthstone";"";"Blizzard Entertainment";"HKLM:\Software\WOW6432Node\Microsoft\Windows\CurrentVersion\Uninstall\*";""
"Hearts of Iron III";"";"Paradox Development Studio";"HKLM:\Software\Microsoft\Windows\CurrentVersion\Uninstall\*";""
"Hearts of Iron IV";"";"Paradox Development Studio";"HKLM:\Software\Microsoft\Windows\CurrentVersion\Uninstall\*";""
"Hell Architect";"";"Woodland Games";"HKLM:\Software\Microsoft\Windows\CurrentVersion\Uninstall\*";""
"Heroes & Generals";"";"TLM Partners";"HKLM:\Software\Microsoft\Windows\CurrentVersion\Uninstall\*";""
"Hogwarts Legacy";"";"Avalanche Software";"HKLM:\Software\Microsoft\Windows\CurrentVersion\Uninstall\*";""
"HonkaiImpact 3rd";"";"miHoYo Limited";"HKLM:\Software\Microsoft\Windows\CurrentVersion\Uninstall\*";""
"Horizon Zero Dawn";"";"Guerrilla";"HKLM:\Software\Microsoft\Windows\CurrentVersion\Uninstall\*";""
"Identity";"1.1.4.96";"Ubiquiti Inc";"HKLM:\Software\WOW6432Node\Microsoft\Windows\CurrentVersion\Uninstall\*";""
"Idle Champions of the Forgotten Realms";"";"Codename Entertainment Inc.";"HKLM:\Software\Microsoft\Windows\CurrentVersion\Uninstall\*";""
"ImmaterialAI";"";"Futuresoup";"HKLM:\Software\Microsoft\Windows\CurrentVersion\Uninstall\*";""
"Iron Conflict";"";"Angela Game";"HKLM:\Software\Microsoft\Windows\CurrentVersion\Uninstall\*";""
"It Takes Two";"";"Electronic Arts, Inc.";"HKLM:\Software\WOW6432Node\Microsoft\Windows\CurrentVersion\Uninstall\*";""
"It Takes Two Friend's Pass";"";"It Takes Two Friend's Pass";"HKLM:\Software\Microsoft\Windows\CurrentVersion\Uninstall\*";""
"Jurassic World Evolution";"";"Frontier Developments";"HKLM:\Software\Microsoft\Windows\CurrentVersion\Uninstall\*";""
"KartRider: Drift";"";"Nexon Korea Corporation";"HKLM:\Software\Microsoft\Windows\CurrentVersion\Uninstall\*";""
"Kerbal Space Program";"";"Squad";"HKLM:\Software\Microsoft\Windows\CurrentVersion\Uninstall\*";""
"Kits Configuration Installer";"10.1.22621.5040";"Microsoft";"HKLM:\Software\WOW6432Node\Microsoft\Windows\CurrentVersion\Uninstall\*";"20250521"
"Kritika:REBOOT";"";"ALLM Co., Ltd.";"HKLM:\Software\Microsoft\Windows\CurrentVersion\Uninstall\*";""
"Launcher Prerequisites (x64)";"1.0.0.0";"Epic Games, Inc.";"HKLM:\Software\WOW6432Node\Microsoft\Windows\CurrentVersion\Uninstall\*";""
"Leisure Suit Larry - Wet Dreams Don't Dry";"";"CrazyBunch";"HKLM:\Software\Microsoft\Windows\CurrentVersion\Uninstall\*";""
"Leisure Suit Larry - Wet Dreams Dry Twice";"";"CrazyBunch";"HKLM:\Software\Microsoft\Windows\CurrentVersion\Uninstall\*";""
"Life is Strange: Before the Storm";"";"Deck Nine";"HKLM:\Software\Microsoft\Windows\CurrentVersion\Uninstall\*";""
"Little Nightmares";"";"Tarsier Studios";"HKLM:\Software\Microsoft\Windows\CurrentVersion\Uninstall\*";""
"Loadout";"";"Edge of Reality";"HKLM:\Software\Microsoft\Windows\CurrentVersion\Uninstall\*";""
"LogiOptionsPlusExcelAddin";"1.80.1141.0";"Logitech";"HKCU:\Software\Microsoft\Windows\CurrentVersion\Uninstall\*";""
"LogiOptionsPlusPowerPointAddin";"1.80.1141.0";"Logitech";"HKCU:\Software\Microsoft\Windows\CurrentVersion\Uninstall\*";""
"LogiOptionsPlusWordAddin";"1.80.1141.0";"Logitech";"HKCU:\Software\Microsoft\Windows\CurrentVersion\Uninstall\*";""
"Lost Ark";"";"Smilegate RPG";"HKLM:\Software\Microsoft\Windows\CurrentVersion\Uninstall\*";""
"Magic gems";"";"Feanus";"HKLM:\Software\Microsoft\Windows\CurrentVersion\Uninstall\*";""
"Manor Lords";"";"Slavic Magic";"HKLM:\Software\Microsoft\Windows\CurrentVersion\Uninstall\*";""
"Marvel's Guardians of the Galaxy";"";"Eidos-Montréal";"HKLM:\Software\Microsoft\Windows\CurrentVersion\Uninstall\*";""
"Mass Effect™ Legendary Edition";"";"BioWare";"HKLM:\Software\Microsoft\Windows\CurrentVersion\Uninstall\*";""
"Match3 mania!";"";"JapanFR";"HKLM:\Software\Microsoft\Windows\CurrentVersion\Uninstall\*";""
"Medieval Dynasty";"";"Render Cube";"HKLM:\Software\Microsoft\Windows\CurrentVersion\Uninstall\*";""
"Meine Erinnerung an Uns";"";"Juggler Games";"HKLM:\Software\Microsoft\Windows\CurrentVersion\Uninstall\*";""
"MEmu";"9.2.8.0";"Microvirt Software Technology Co. Ltd.";"HKLM:\Software\WOW6432Node\Microsoft\Windows\CurrentVersion\Uninstall\*";""
"Microsoft .NET 10.0 Templates 10.0.203 x64";"40.11.50261";"Microsoft Corporation";"HKLM:\Software\Microsoft\Windows\CurrentVersion\Uninstall\*";"20260505"
"Microsoft .NET AppHost Pack - 10.0.7 (x64)";"80.28.51996";"Microsoft Corporation";"HKLM:\Software\Microsoft\Windows\CurrentVersion\Uninstall\*";"20260505"
"Microsoft .NET Host - 10.0.7 (x64)";"80.28.51996";"Microsoft Corporation";"HKLM:\Software\Microsoft\Windows\CurrentVersion\Uninstall\*";"20260505"
"Microsoft .NET Host - 6.0.36 (x64)";"48.144.23141";"Microsoft Corporation";"HKLM:\Software\Microsoft\Windows\CurrentVersion\Uninstall\*";"20241115"
"Microsoft .NET Host - 8.0.26 (x64)";"64.104.50421";"Microsoft Corporation";"HKLM:\Software\Microsoft\Windows\CurrentVersion\Uninstall\*";"20260417"
"Microsoft .NET Host FX Resolver - 10.0.7 (x64)";"80.28.51996";"Microsoft Corporation";"HKLM:\Software\Microsoft\Windows\CurrentVersion\Uninstall\*";"20260505"
"Microsoft .NET Host FX Resolver - 6.0.36 (x64)";"48.144.23141";"Microsoft Corporation";"HKLM:\Software\Microsoft\Windows\CurrentVersion\Uninstall\*";"20241115"
"Microsoft .NET Host FX Resolver - 8.0.26 (x64)";"64.104.50421";"Microsoft Corporation";"HKLM:\Software\Microsoft\Windows\CurrentVersion\Uninstall\*";"20260417"
"Microsoft .NET Runtime - 10.0.7 (x64)";"80.28.51996";"Microsoft Corporation";"HKLM:\Software\Microsoft\Windows\CurrentVersion\Uninstall\*";"20260505"
"Microsoft .NET Runtime - 6.0.36 (x64)";"48.144.23141";"Microsoft Corporation";"HKLM:\Software\Microsoft\Windows\CurrentVersion\Uninstall\*";"20241115"
"Microsoft .NET Runtime - 8.0.26 (x64)";"64.104.50421";"Microsoft Corporation";"HKLM:\Software\Microsoft\Windows\CurrentVersion\Uninstall\*";"20260417"
"Microsoft .NET SDK 10.0.203 (x64)";"10.2.326.22005";"Microsoft Corporation";"HKLM:\Software\WOW6432Node\Microsoft\Windows\CurrentVersion\Uninstall\*";"20260505"
"Microsoft .NET Targeting Pack - 10.0.7 (x64)";"80.28.51996";"Microsoft Corporation";"HKLM:\Software\Microsoft\Windows\CurrentVersion\Uninstall\*";"20260505"
"Microsoft .NET Toolset 10.0.203 (x64)";"40.11.50261";"Microsoft Corporation";"HKLM:\Software\Microsoft\Windows\CurrentVersion\Uninstall\*";"20260505"
"Microsoft ASP.NET Core Runtime - 10.0.7 (x64)";"80.28.51996";"Microsoft Corporation";"HKLM:\Software\Microsoft\Windows\CurrentVersion\Uninstall\*";"20260505"
"Microsoft ASP.NET Core Targeting Pack - 10.0.7 (x64)";"80.28.51996";"Microsoft Corporation";"HKLM:\Software\Microsoft\Windows\CurrentVersion\Uninstall\*";"20260505"
"Microsoft Edge";"147.0.3912.98";"Microsoft Corporation";"HKLM:\Software\WOW6432Node\Microsoft\Windows\CurrentVersion\Uninstall\*";"20260501"
"Microsoft Edge WebView2-Laufzeit";"147.0.3912.98";"Microsoft Corporation";"HKLM:\Software\WOW6432Node\Microsoft\Windows\CurrentVersion\Uninstall\*";"20260502"
"Microsoft GameInput";"3.3.195.0";"Microsoft Corporation";"HKLM:\Software\Microsoft\Windows\CurrentVersion\Uninstall\*";"20260425"
"Microsoft Office Professional Plus 2021 - de-de";"16.0.19929.20106";"Microsoft Corporation";"HKLM:\Software\Microsoft\Windows\CurrentVersion\Uninstall\*";""
"Microsoft OneDrive";"26.063.0405.0002";"Microsoft Corporation";"HKLM:\Software\Microsoft\Windows\CurrentVersion\Uninstall\*";""
"Microsoft SQL Server 2019 LocalDB ";"15.0.4153.1";"Microsoft Corporation";"HKLM:\Software\Microsoft\Windows\CurrentVersion\Uninstall\*";"20230419"
"Microsoft Teams Meeting Add-in for Microsoft Office";"1.25.18202";"Microsoft";"HKLM:\Software\Microsoft\Windows\CurrentVersion\Uninstall\*";"20250714"
"Microsoft Update Health Tools";"5.72.0.0";"Microsoft Corporation";"HKLM:\Software\Microsoft\Windows\CurrentVersion\Uninstall\*";"20231027"
"Microsoft Visual C++ 2005 Redistributable";"8.0.59193";"Microsoft Corporation";"HKLM:\Software\WOW6432Node\Microsoft\Windows\CurrentVersion\Uninstall\*";"20251110"
"Microsoft Visual C++ 2005 Redistributable (x64)";"8.0.61000";"Microsoft Corporation";"HKLM:\Software\Microsoft\Windows\CurrentVersion\Uninstall\*";"20230315"
"Microsoft Visual C++ 2008 Redistributable - x64 9.0.30729.4148";"9.0.30729.4148";"Microsoft Corporation";"HKLM:\Software\Microsoft\Windows\CurrentVersion\Uninstall\*";"20230307"
"Microsoft Visual C++ 2008 Redistributable - x64 9.0.30729.6161";"9.0.30729.6161";"Microsoft Corporation";"HKLM:\Software\Microsoft\Windows\CurrentVersion\Uninstall\*";"20231010"
"Microsoft Visual C++ 2008 Redistributable - x86 9.0.30729.17";"9.0.30729";"Microsoft Corporation";"HKLM:\Software\WOW6432Node\Microsoft\Windows\CurrentVersion\Uninstall\*";"20241021"
"Microsoft Visual C++ 2008 Redistributable - x86 9.0.30729.4148";"9.0.30729.4148";"Microsoft Corporation";"HKLM:\Software\WOW6432Node\Microsoft\Windows\CurrentVersion\Uninstall\*";"20230307"
"Microsoft Visual C++ 2008 Redistributable - x86 9.0.30729.6161";"9.0.30729.6161";"Microsoft Corporation";"HKLM:\Software\WOW6432Node\Microsoft\Windows\CurrentVersion\Uninstall\*";"20231010"
"Microsoft Visual C++ 2010  x64 Redistributable - 10.0.40219";"10.0.40219";"Microsoft Corporation";"HKLM:\Software\Microsoft\Windows\CurrentVersion\Uninstall\*";"20250216"
"Microsoft Visual C++ 2010  x86 Redistributable - 10.0.40219";"10.0.40219";"Microsoft Corporation";"HKLM:\Software\WOW6432Node\Microsoft\Windows\CurrentVersion\Uninstall\*";"20250216"
"Microsoft Visual C++ 2012 Redistributable (x64) - 11.0.61030";"11.0.61030.0";"Microsoft Corporation";"HKLM:\Software\WOW6432Node\Microsoft\Windows\CurrentVersion\Uninstall\*";""
"Microsoft Visual C++ 2012 Redistributable (x86) - 11.0.61030";"11.0.61030.0";"Microsoft Corporation";"HKLM:\Software\WOW6432Node\Microsoft\Windows\CurrentVersion\Uninstall\*";""
"Microsoft Visual C++ 2012 x64 Additional Runtime - 11.0.61030";"11.0.61030";"Microsoft Corporation";"HKLM:\Software\Microsoft\Windows\CurrentVersion\Uninstall\*";"20230307"
"Microsoft Visual C++ 2012 x64 Minimum Runtime - 11.0.61030";"11.0.61030";"Microsoft Corporation";"HKLM:\Software\Microsoft\Windows\CurrentVersion\Uninstall\*";"20230307"
"Microsoft Visual C++ 2012 x86 Additional Runtime - 11.0.61030";"11.0.61030";"Microsoft Corporation";"HKLM:\Software\WOW6432Node\Microsoft\Windows\CurrentVersion\Uninstall\*";"20230307"
"Microsoft Visual C++ 2012 x86 Minimum Runtime - 11.0.61030";"11.0.61030";"Microsoft Corporation";"HKLM:\Software\WOW6432Node\Microsoft\Windows\CurrentVersion\Uninstall\*";"20230307"
"Microsoft Visual C++ 2013 Redistributable (x64) - 12.0.30501";"12.0.30501.0";"Microsoft Corporation";"HKLM:\Software\WOW6432Node\Microsoft\Windows\CurrentVersion\Uninstall\*";""
"Microsoft Visual C++ 2013 Redistributable (x64) - 12.0.40664";"12.0.40664.0";"Microsoft Corporation";"HKLM:\Software\WOW6432Node\Microsoft\Windows\CurrentVersion\Uninstall\*";""
"Microsoft Visual C++ 2013 Redistributable (x86) - 12.0.30501";"12.0.30501.0";"Microsoft Corporation";"HKLM:\Software\WOW6432Node\Microsoft\Windows\CurrentVersion\Uninstall\*";""
"Microsoft Visual C++ 2013 Redistributable (x86) - 12.0.40664";"12.0.40664.0";"Microsoft Corporation";"HKLM:\Software\WOW6432Node\Microsoft\Windows\CurrentVersion\Uninstall\*";""
"Microsoft Visual C++ 2013 x64 Additional Runtime - 12.0.40664";"12.0.40664";"Microsoft Corporation";"HKLM:\Software\Microsoft\Windows\CurrentVersion\Uninstall\*";"20241024"
"Microsoft Visual C++ 2013 x64 Minimum Runtime - 12.0.40664";"12.0.40664";"Microsoft Corporation";"HKLM:\Software\Microsoft\Windows\CurrentVersion\Uninstall\*";"20241024"
"Microsoft Visual C++ 2013 x86 Additional Runtime - 12.0.40664";"12.0.40664";"Microsoft Corporation";"HKLM:\Software\WOW6432Node\Microsoft\Windows\CurrentVersion\Uninstall\*";"20241024"
"Microsoft Visual C++ 2013 x86 Minimum Runtime - 12.0.40664";"12.0.40664";"Microsoft Corporation";"HKLM:\Software\WOW6432Node\Microsoft\Windows\CurrentVersion\Uninstall\*";"20241024"
"Microsoft Visual C++ 2015-2022 Redistributable (x64) - 14.44.35211";"14.44.35211.0";"Microsoft Corporation";"HKLM:\Software\WOW6432Node\Microsoft\Windows\CurrentVersion\Uninstall\*";""
"Microsoft Visual C++ 2022 X64 Additional Runtime - 14.44.35211";"14.44.35211";"Microsoft Corporation";"HKLM:\Software\Microsoft\Windows\CurrentVersion\Uninstall\*";"20250705"
"Microsoft Visual C++ 2022 X64 Debug Runtime - 14.44.35211";"14.44.35211";"Microsoft Corporation";"HKLM:\Software\Microsoft\Windows\CurrentVersion\Uninstall\*";"20250816"
"Microsoft Visual C++ 2022 X64 Minimum Runtime - 14.44.35211";"14.44.35211";"Microsoft Corporation";"HKLM:\Software\Microsoft\Windows\CurrentVersion\Uninstall\*";"20250705"
"Microsoft Visual C++ 2022 X86 Additional Runtime - 14.50.35719";"14.50.35719";"Microsoft Corporation";"HKLM:\Software\WOW6432Node\Microsoft\Windows\CurrentVersion\Uninstall\*";"20260212"
"Microsoft Visual C++ 2022 X86 Debug Runtime - 14.44.35211";"14.44.35211";"Microsoft Corporation";"HKLM:\Software\WOW6432Node\Microsoft\Windows\CurrentVersion\Uninstall\*";"20250816"
"Microsoft Visual C++ 2022 X86 Minimum Runtime - 14.50.35719";"14.50.35719";"Microsoft Corporation";"HKLM:\Software\WOW6432Node\Microsoft\Windows\CurrentVersion\Uninstall\*";"20260212"
"Microsoft Visual C++ v14 Redistributable (x86) - 14.50.35719";"14.50.35719.0";"Microsoft Corporation";"HKLM:\Software\WOW6432Node\Microsoft\Windows\CurrentVersion\Uninstall\*";""
"Microsoft Visual Studio 2010 Tools for Office Runtime (x64)";"10.0.60917";"Microsoft Corporation";"HKLM:\Software\Microsoft\Windows\CurrentVersion\Uninstall\*";""
"Microsoft Visual Studio 2010 Tools for Office Runtime (x64) Language Pack - DEU";"10.0.60917";"Microsoft Corporation";"HKLM:\Software\Microsoft\Windows\CurrentVersion\Uninstall\*";"20250216"
"Microsoft Visual Studio 2010-Tools für Office-Laufzeit (x64) Language Pack - DEU";"10.0.60917";"Microsoft Corporation";"HKLM:\Software\Microsoft\Windows\CurrentVersion\Uninstall\*";""
"Microsoft Visual Studio Code (User)";"1.118.1";"Microsoft Corporation";"HKCU:\Software\Microsoft\Windows\CurrentVersion\Uninstall\*";"20260501"
"Microsoft Visual Studio Installer";"4.5.35.35368";"Microsoft Corporation";"HKLM:\Software\Microsoft\Windows\CurrentVersion\Uninstall\*";"20231010"
"Microsoft Visual Studio Setup Configuration";"3.12.2140.44225";"Microsoft Corporation";"HKLM:\Software\WOW6432Node\Microsoft\Windows\CurrentVersion\Uninstall\*";"20250216"
"Microsoft Visual Studio Setup WMI Provider";"3.12.2140.44225";"Microsoft Corporation";"HKLM:\Software\WOW6432Node\Microsoft\Windows\CurrentVersion\Uninstall\*";"20250216"
"Microsoft Web Deploy 4.0";"10.0.6813";"Microsoft Corporation";"HKLM:\Software\Microsoft\Windows\CurrentVersion\Uninstall\*";"20230419"
"Microsoft Windows Desktop Runtime - 10.0.7 (x64)";"80.28.51996";"Microsoft Corporation";"HKLM:\Software\Microsoft\Windows\CurrentVersion\Uninstall\*";"20260505"
"Microsoft Windows Desktop Runtime - 6.0.36 (x64)";"48.144.23186";"Microsoft Corporation";"HKLM:\Software\Microsoft\Windows\CurrentVersion\Uninstall\*";"20241115"
"Microsoft Windows Desktop Runtime - 8.0.26 (x64)";"8.0.26.35920";"Microsoft Corporation";"HKLM:\Software\WOW6432Node\Microsoft\Windows\CurrentVersion\Uninstall\*";""
"Microsoft Windows Desktop Targeting Pack - 10.0.7 (x64)";"80.28.51996";"Microsoft Corporation";"HKLM:\Software\Microsoft\Windows\CurrentVersion\Uninstall\*";"20260505"
"Microsoft XNA Framework Redistributable 4.0 Refresh";"4.0.30901.0";"Microsoft Corporation";"HKLM:\Software\WOW6432Node\Microsoft\Windows\CurrentVersion\Uninstall\*";"20230307"
"Microsoft.NET.Sdk.Android.Manifest-10.0.100 (x64)";"36.1.2";"Microsoft Corporation";"HKLM:\Software\Microsoft\Windows\CurrentVersion\Uninstall\*";"20260505"
"Microsoft.NET.Sdk.iOS.Manifest-10.0.100 (x64)";"26.0.11017";"Microsoft Corporation";"HKLM:\Software\Microsoft\Windows\CurrentVersion\Uninstall\*";"20260505"
"Microsoft.NET.Sdk.MacCatalyst.Manifest-10.0.100 (x64)";"26.0.11017";"Microsoft Corporation";"HKLM:\Software\Microsoft\Windows\CurrentVersion\Uninstall\*";"20260505"
"Microsoft.NET.Sdk.macOS.Manifest-10.0.100 (x64)";"26.0.11017";"Microsoft Corporation";"HKLM:\Software\Microsoft\Windows\CurrentVersion\Uninstall\*";"20260505"
"Microsoft.NET.Sdk.Maui.Manifest-10.0.100 (x64)";"10.0.0";"Microsoft Corporation";"HKLM:\Software\Microsoft\Windows\CurrentVersion\Uninstall\*";"20260505"
"Microsoft.NET.Sdk.tvOS.Manifest-10.0.100 (x64)";"26.0.11017";"Microsoft Corporation";"HKLM:\Software\Microsoft\Windows\CurrentVersion\Uninstall\*";"20260505"
"Microsoft.NET.Workload.Emscripten.Current.Manifest-10.0.100 (x64)";"81.172.51996";"Microsoft Corporation";"HKLM:\Software\Microsoft\Windows\CurrentVersion\Uninstall\*";"20260505"
"Microsoft.NET.Workload.Emscripten.net6.Manifest-10.0.100 (x64)";"81.172.51996";"Microsoft Corporation";"HKLM:\Software\Microsoft\Windows\CurrentVersion\Uninstall\*";"20260505"
"Microsoft.NET.Workload.Emscripten.net7.Manifest-10.0.100 (x64)";"81.172.51996";"Microsoft Corporation";"HKLM:\Software\Microsoft\Windows\CurrentVersion\Uninstall\*";"20260505"
"Microsoft.NET.Workload.Emscripten.net8.Manifest-10.0.100 (x64)";"81.172.51996";"Microsoft Corporation";"HKLM:\Software\Microsoft\Windows\CurrentVersion\Uninstall\*";"20260505"
"Microsoft.NET.Workload.Emscripten.net9.Manifest-10.0.100 (x64)";"81.172.51996";"Microsoft Corporation";"HKLM:\Software\Microsoft\Windows\CurrentVersion\Uninstall\*";"20260505"
"Microsoft.NET.Workload.Mono.Toolchain.Current.Manifest-10.0.100 (x64)";"81.172.51996";"Microsoft Corporation";"HKLM:\Software\Microsoft\Windows\CurrentVersion\Uninstall\*";"20260505"
"Microsoft.NET.Workload.Mono.Toolchain.net6.Manifest-10.0.100 (x64)";"81.172.51996";"Microsoft Corporation";"HKLM:\Software\Microsoft\Windows\CurrentVersion\Uninstall\*";"20260505"
"Microsoft.NET.Workload.Mono.Toolchain.net7.Manifest-10.0.100 (x64)";"81.172.51996";"Microsoft Corporation";"HKLM:\Software\Microsoft\Windows\CurrentVersion\Uninstall\*";"20260505"
"Microsoft.NET.Workload.Mono.Toolchain.net8.Manifest-10.0.100 (x64)";"81.172.51996";"Microsoft Corporation";"HKLM:\Software\Microsoft\Windows\CurrentVersion\Uninstall\*";"20260505"
"Microsoft.NET.Workload.Mono.Toolchain.net9.Manifest-10.0.100 (x64)";"81.172.51996";"Microsoft Corporation";"HKLM:\Software\Microsoft\Windows\CurrentVersion\Uninstall\*";"20260505"
"Mobius";"1.5.2.6";"Overwolf app";"HKCU:\Software\Microsoft\Windows\CurrentVersion\Uninstall\*";"20251209"
"Monkey Island 2: Special Edition";"";"LucasArts";"HKLM:\Software\Microsoft\Windows\CurrentVersion\Uninstall\*";""
"MONOPOLY Poker";"";"Azerion";"HKLM:\Software\Microsoft\Windows\CurrentVersion\Uninstall\*";""
"Monster Hunter: World";"";"CAPCOM Co., Ltd.";"HKLM:\Software\Microsoft\Windows\CurrentVersion\Uninstall\*";""
"Mortal Kombat 11";"";"NetherRealm Studios";"HKLM:\Software\Microsoft\Windows\CurrentVersion\Uninstall\*";""
"Mount & Blade II: Bannerlord";"";"TaleWorlds Entertainment";"HKLM:\Software\Microsoft\Windows\CurrentVersion\Uninstall\*";""
"MSI Development Tools";"10.1.22621.5040";"Microsoft Corporation";"HKLM:\Software\WOW6432Node\Microsoft\Windows\CurrentVersion\Uninstall\*";"20250521"
"NARUTO TO BORUTO: SHINOBI STRIKER";"";"Soleil Ltd.";"HKLM:\Software\Microsoft\Windows\CurrentVersion\Uninstall\*";""
"Never Alone (Kisima Ingitchuna)";"";"Upper One Games";"HKLM:\Software\Microsoft\Windows\CurrentVersion\Uninstall\*";""
"NiceHash Miner 3.1.1.2 (only current user)";"3.1.1.2";"H-BIT, d.o.o.";"HKCU:\Software\Microsoft\Windows\CurrentVersion\Uninstall\*";""
"Nioh: Complete Edition";"";"KOEI TECMO GAMES CO., LTD.";"HKLM:\Software\Microsoft\Windows\CurrentVersion\Uninstall\*";""
"Nmap 7.95";"7.95";"Nmap Project";"HKLM:\Software\WOW6432Node\Microsoft\Windows\CurrentVersion\Uninstall\*";""
"No Man's Sky";"";"Hello Games";"HKLM:\Software\Microsoft\Windows\CurrentVersion\Uninstall\*";""
"Notion 7.12.0";"7.12.0";"Notion Labs, Inc";"HKCU:\Software\Microsoft\Windows\CurrentVersion\Uninstall\*";""
"Npcap";"1.79";"Nmap Project";"HKLM:\Software\WOW6432Node\Microsoft\Windows\CurrentVersion\Uninstall\*";""
"NvCpl";"1.0";"NVIDIA Corporation";"HKLM:\Software\Microsoft\Windows\CurrentVersion\Uninstall\*";"20251020"
"NVIDIA AIUser Container";"1.44";"NVIDIA Corporation";"HKLM:\Software\Microsoft\Windows\CurrentVersion\Uninstall\*";"20251020"
"NVIDIA App 11.0.5.266";"11.0.5.266";"NVIDIA Corporation";"HKLM:\Software\Microsoft\Windows\CurrentVersion\Uninstall\*";"20251020"
"NVIDIA Backend";"11.0.5.266";"NVIDIA Corporation";"HKLM:\Software\Microsoft\Windows\CurrentVersion\Uninstall\*";"20251020"
"NVIDIA Container";"1.44";"NVIDIA Corporation";"HKLM:\Software\Microsoft\Windows\CurrentVersion\Uninstall\*";"20251020"
"NVIDIA FrameView SDK 1.5.11504.36206172";"1.5.11504.36206172";"NVIDIA Corporation";"HKLM:\Software\Microsoft\Windows\CurrentVersion\Uninstall\*";"20251020"
"NVIDIA Grafiktreiber 591.86";"591.86";"NVIDIA Corporation";"HKLM:\Software\Microsoft\Windows\CurrentVersion\Uninstall\*";"20260331"
"NVIDIA Install Application";"2.1002.438.0";"NVIDIA Corporation";"HKLM:\Software\Microsoft\Windows\CurrentVersion\Uninstall\*";"20260331"
"NVIDIA LocalSystem Container";"1.44";"NVIDIA Corporation";"HKLM:\Software\Microsoft\Windows\CurrentVersion\Uninstall\*";"20251020"
"NVIDIA MessageBus 3 for NvApp";"3.16";"NVIDIA Corporation";"HKLM:\Software\Microsoft\Windows\CurrentVersion\Uninstall\*";"20251020"
"NVIDIA NvDLISR";"1.0";"NVIDIA Corporation";"HKLM:\Software\Microsoft\Windows\CurrentVersion\Uninstall\*";"20251020"
"NVIDIA PhysX-Systemsoftware 9.23.1019";"9.23.1019";"NVIDIA Corporation";"HKLM:\Software\Microsoft\Windows\CurrentVersion\Uninstall\*";"20240809"
"NVIDIA Session Container";"1.44";"NVIDIA Corporation";"HKLM:\Software\Microsoft\Windows\CurrentVersion\Uninstall\*";"20251020"
"NVIDIA ShadowPlay 11.0.5.0";"11.0.5.0";"NVIDIA Corporation";"HKLM:\Software\Microsoft\Windows\CurrentVersion\Uninstall\*";"20251020"
"NVIDIA Telemetry Client";"19.4.29.0";"NVIDIA Corporation";"HKLM:\Software\Microsoft\Windows\CurrentVersion\Uninstall\*";"20251020"
"NVIDIA User Container";"1.44";"NVIDIA Corporation";"HKLM:\Software\Microsoft\Windows\CurrentVersion\Uninstall\*";"20251020"
"NVIDIA Virtual Audio 4.65.0.3";"4.65.0.3";"NVIDIA Corporation";"HKLM:\Software\Microsoft\Windows\CurrentVersion\Uninstall\*";"20251020"
"NVIDIA Watchdog Plugin for NvContainer";"1.44";"NVIDIA Corporation";"HKLM:\Software\Microsoft\Windows\CurrentVersion\Uninstall\*";"20251020"
"NZXT CAM 4.76.3";"4.76.3";"NZXT, Inc.";"HKLM:\Software\Microsoft\Windows\CurrentVersion\Uninstall\*";""
"OBS Studio";"";"OBS Project";"HKLM:\Software\Microsoft\Windows\CurrentVersion\Uninstall\*";""
"Office 16 Click-to-Run Extensibility Component";"16.0.19929.20106";"Microsoft Corporation";"HKLM:\Software\Microsoft\Windows\CurrentVersion\Uninstall\*";"20260501"
"Office 16 Click-to-Run Licensing Component";"16.0.19029.20208";"Microsoft Corporation";"HKLM:\Software\Microsoft\Windows\CurrentVersion\Uninstall\*";"20250824"
"Office 16 Click-to-Run Localization Component";"16.0.19929.20062";"Microsoft Corporation";"HKLM:\Software\Microsoft\Windows\CurrentVersion\Uninstall\*";"20260422"
"OpenAL";"";"";"HKLM:\Software\WOW6432Node\Microsoft\Windows\CurrentVersion\Uninstall\*";""
"Opera Air Stable 130.0.5847.68";"130.0.5847.68";"Opera Software";"HKCU:\Software\Microsoft\Windows\CurrentVersion\Uninstall\*";""
"Opera GX Stable 130.0.5847.108";"130.0.5847.108";"Opera Software";"HKCU:\Software\Microsoft\Windows\CurrentVersion\Uninstall\*";""
"Orcs Must Die! 3";"";"Robot Entertainment";"HKLM:\Software\Microsoft\Windows\CurrentVersion\Uninstall\*";""
"Ori and the Blind Forest";"";"Moon Studios GmbH";"HKLM:\Software\Microsoft\Windows\CurrentVersion\Uninstall\*";""
"Ori and the Blind Forest: Definitive Edition";"";"Moon Studios GmbH";"HKLM:\Software\Microsoft\Windows\CurrentVersion\Uninstall\*";""
"Outplayed";"162.0.10170";"Overwolf app";"HKCU:\Software\Microsoft\Windows\CurrentVersion\Uninstall\*";"20251209"
"Overwolf";"0.296.3.3";"Overwolf Ltd.";"HKLM:\Software\WOW6432Node\Microsoft\Windows\CurrentVersion\Uninstall\*";""
"Palace of Cards";"";"Spiele-Palast GmbH";"HKLM:\Software\Microsoft\Windows\CurrentVersion\Uninstall\*";""
"Palworld";"";"Pocketpair";"HKLM:\Software\Microsoft\Windows\CurrentVersion\Uninstall\*";""
"Paradox Launcher v2";"1.0.0.0";"Paradox Interactive";"HKCU:\Software\Microsoft\Windows\CurrentVersion\Uninstall\*";""
"Path of Exile";"3.25.3.61754";"Grinding Gear Games";"HKLM:\Software\WOW6432Node\Microsoft\Windows\CurrentVersion\Uninstall\*";"20241123"
"Path of Exile 2";"";"Grinding Gear Games";"HKLM:\Software\Microsoft\Windows\CurrentVersion\Uninstall\*";""
"pCloud Drive";"4.1.5.0";"pCloud International AG";"HKLM:\Software\WOW6432Node\Microsoft\Windows\CurrentVersion\Uninstall\*";""
"Pinball FX3";"";"Zen Studios";"HKLM:\Software\Microsoft\Windows\CurrentVersion\Uninstall\*";""
"PlayStation(R) PC SDK Runtime";"2.50.0010";"Sony Interactive Entertainment Inc.";"HKLM:\Software\Microsoft\Windows\CurrentVersion\Uninstall\*";"20250713"
"PlayStation® Accessories";"2.2.1.2";"Sony Interactive Entertainment Inc.";"HKLM:\Software\Microsoft\Windows\CurrentVersion\Uninstall\*";"20260206"
"PowerShell 7.4.14.0-x64";"7.4.14.0";"Microsoft Corporation";"HKLM:\Software\WOW6432Node\Microsoft\Windows\CurrentVersion\Uninstall\*";""
"PowerShell 7-x64";"7.4.14.0";"Microsoft Corporation";"HKLM:\Software\Microsoft\Windows\CurrentVersion\Uninstall\*";"20260327"
"PuTTY release 0.83 (64-bit)";"0.83.0.0";"Simon Tatham";"HKLM:\Software\Microsoft\Windows\CurrentVersion\Uninstall\*";"20250216"
"Python 3.11.9 (64-bit)";"3.11.9150.0";"Python Software Foundation";"HKCU:\Software\Microsoft\Windows\CurrentVersion\Uninstall\*";""
"Python 3.11.9 Add to Path (64-bit)";"3.11.9150.0";"Python Software Foundation";"HKLM:\Software\Microsoft\Windows\CurrentVersion\Uninstall\*";"20260504"
"Python 3.11.9 Core Interpreter (64-bit)";"3.11.9150.0";"Python Software Foundation";"HKLM:\Software\Microsoft\Windows\CurrentVersion\Uninstall\*";"20260504"
"Python 3.11.9 Development Libraries (64-bit)";"3.11.9150.0";"Python Software Foundation";"HKLM:\Software\Microsoft\Windows\CurrentVersion\Uninstall\*";"20260504"
"Python 3.11.9 Documentation (64-bit)";"3.11.9150.0";"Python Software Foundation";"HKLM:\Software\Microsoft\Windows\CurrentVersion\Uninstall\*";"20260504"
"Python 3.11.9 Executables (64-bit)";"3.11.9150.0";"Python Software Foundation";"HKLM:\Software\Microsoft\Windows\CurrentVersion\Uninstall\*";"20260504"
"Python 3.11.9 pip Bootstrap (64-bit)";"3.11.9150.0";"Python Software Foundation";"HKLM:\Software\Microsoft\Windows\CurrentVersion\Uninstall\*";"20260504"
"Python 3.11.9 Standard Library (64-bit)";"3.11.9150.0";"Python Software Foundation";"HKLM:\Software\Microsoft\Windows\CurrentVersion\Uninstall\*";"20260504"
"Python 3.11.9 Tcl/Tk Support (64-bit)";"3.11.9150.0";"Python Software Foundation";"HKLM:\Software\Microsoft\Windows\CurrentVersion\Uninstall\*";"20260504"
"Python 3.11.9 Test Suite (64-bit)";"3.11.9150.0";"Python Software Foundation";"HKLM:\Software\Microsoft\Windows\CurrentVersion\Uninstall\*";"20260504"
"Python 3.11.9 Utility Scripts (64-bit)";"3.11.9150.0";"Python Software Foundation";"HKLM:\Software\Microsoft\Windows\CurrentVersion\Uninstall\*";"20260504"
"Python 3.14.4 (64-bit)";"3.14.4150.0";"Python Software Foundation";"HKCU:\Software\Microsoft\Windows\CurrentVersion\Uninstall\*";""
"Python 3.14.4 Add to Path (64-bit)";"3.14.4150.0";"Python Software Foundation";"HKLM:\Software\Microsoft\Windows\CurrentVersion\Uninstall\*";"20260504"
"Python 3.14.4 Core Interpreter (64-bit)";"3.14.4150.0";"Python Software Foundation";"HKLM:\Software\Microsoft\Windows\CurrentVersion\Uninstall\*";"20260504"
"Python 3.14.4 Development Libraries (64-bit)";"3.14.4150.0";"Python Software Foundation";"HKLM:\Software\Microsoft\Windows\CurrentVersion\Uninstall\*";"20260504"
"Python 3.14.4 Documentation (64-bit)";"3.14.4150.0";"Python Software Foundation";"HKLM:\Software\Microsoft\Windows\CurrentVersion\Uninstall\*";"20260504"
"Python 3.14.4 Executables (64-bit)";"3.14.4150.0";"Python Software Foundation";"HKLM:\Software\Microsoft\Windows\CurrentVersion\Uninstall\*";"20260504"
"Python 3.14.4 pip Bootstrap (64-bit)";"3.14.4150.0";"Python Software Foundation";"HKLM:\Software\Microsoft\Windows\CurrentVersion\Uninstall\*";"20260504"
"Python 3.14.4 Standard Library (64-bit)";"3.14.4150.0";"Python Software Foundation";"HKLM:\Software\Microsoft\Windows\CurrentVersion\Uninstall\*";"20260504"
"Python 3.14.4 Tcl/Tk Support (64-bit)";"3.14.4150.0";"Python Software Foundation";"HKLM:\Software\Microsoft\Windows\CurrentVersion\Uninstall\*";"20260504"
"Python 3.14.4 Test Suite (64-bit)";"3.14.4150.0";"Python Software Foundation";"HKLM:\Software\Microsoft\Windows\CurrentVersion\Uninstall\*";"20260504"
"Python Launcher";"3.14.4150.0";"Python Software Foundation";"HKLM:\Software\WOW6432Node\Microsoft\Windows\CurrentVersion\Uninstall\*";"20260504"
"Quake Champions";"";"id Software";"HKLM:\Software\Microsoft\Windows\CurrentVersion\Uninstall\*";""
"Realtek High Definition Audio Driver";"6.0.9239.1";"Realtek Semiconductor Corp.";"HKLM:\Software\WOW6432Node\Microsoft\Windows\CurrentVersion\Uninstall\*";""
"Red Dead Redemption 2";"";"Rockstar Games";"HKLM:\Software\Microsoft\Windows\CurrentVersion\Uninstall\*";""
"REDlauncher";"";"CD Projekt RED";"HKCU:\Software\Microsoft\Windows\CurrentVersion\Uninstall\*";"20231007"
"Resident Evil 6 Benchmark Tool";"";"Capcom";"HKLM:\Software\Microsoft\Windows\CurrentVersion\Uninstall\*";""
"Return to Monkey Island";"";"Terrible Toybox";"HKLM:\Software\Microsoft\Windows\CurrentVersion\Uninstall\*";""
"Ring of Elysium";"";"Aurora Studio";"HKLM:\Software\Microsoft\Windows\CurrentVersion\Uninstall\*";""
"RISK: Global Domination";"";"SMG Studio";"HKLM:\Software\Microsoft\Windows\CurrentVersion\Uninstall\*";""
"ROCCAT SWARM";"1.94.810";"ROCCAT GmbH";"HKLM:\Software\WOW6432Node\Microsoft\Windows\CurrentVersion\Uninstall\*";"20230316"
"Rockstar Games Launcher";"1.0.105.2733";"Rockstar Games";"HKLM:\Software\WOW6432Node\Microsoft\Windows\CurrentVersion\Uninstall\*";""
"Rockstar Games SDK";"2.3.7.8";"Rockstar Games";"HKLM:\Software\WOW6432Node\Microsoft\Windows\CurrentVersion\Uninstall\*";""
"Safari";"5.34.57.2";"Apple Inc.";"HKLM:\Software\WOW6432Node\Microsoft\Windows\CurrentVersion\Uninstall\*";"20260105"
"Saints Row 2";"";"Volition";"HKLM:\Software\Microsoft\Windows\CurrentVersion\Uninstall\*";""
"Saints Row IV";"";"Deep Silver Volition";"HKLM:\Software\Microsoft\Windows\CurrentVersion\Uninstall\*";""
"Saints Row The Third Remastered";"";"Deep Silver Volition";"HKLM:\Software\Microsoft\Windows\CurrentVersion\Uninstall\*";""
"Saints Row: Gat out of Hell";"";"Deep Silver Volition";"HKLM:\Software\Microsoft\Windows\CurrentVersion\Uninstall\*";""
"Saints Row: The Third";"";"Volition";"HKLM:\Software\Microsoft\Windows\CurrentVersion\Uninstall\*";""
"Satisfactory";"";"Coffee Stain Studios";"HKLM:\Software\Microsoft\Windows\CurrentVersion\Uninstall\*";""
"Satisfactory Mod Manager (current user)";"3.0.3";"Satisfactory Modding";"HKCU:\Software\Microsoft\Windows\CurrentVersion\Uninstall\*";"20250117"
"Schedule I";"";"TVGS";"HKLM:\Software\Microsoft\Windows\CurrentVersion\Uninstall\*";""
"Schedule I: Free Sample";"";"TVGS";"HKLM:\Software\Microsoft\Windows\CurrentVersion\Uninstall\*";""
"Screaming Frog SEO Spider";"23.3";"Screaming Frog Ltd.";"HKLM:\Software\WOW6432Node\Microsoft\Windows\CurrentVersion\Uninstall\*";"20260220"
"Screenpresso";"2.2.9.0";"Learnpulse";"HKCU:\Software\Microsoft\Windows\CurrentVersion\Uninstall\*";"20250601"
"SDK ARM Additions";"10.1.22621.5040";"Microsoft Corporation";"HKLM:\Software\WOW6432Node\Microsoft\Windows\CurrentVersion\Uninstall\*";"20250521"
"SDK ARM Redistributables";"10.1.22621.5040";"Microsoft Corporation";"HKLM:\Software\WOW6432Node\Microsoft\Windows\CurrentVersion\Uninstall\*";"20250521"
"Sekiro™: Shadows Die Twice";"";"FromSoftware";"HKLM:\Software\Microsoft\Windows\CurrentVersion\Uninstall\*";""
"SEO PowerSuite";"R097.5";"SEO PowerSuite";"HKLM:\Software\WOW6432Node\Microsoft\Windows\CurrentVersion\Uninstall\*";""
"Sid Meier's Civilization VI";"";"Firaxis Games";"HKLM:\Software\Microsoft\Windows\CurrentVersion\Uninstall\*";""
"SMITE";"";"Titan Forge Games";"HKLM:\Software\Microsoft\Windows\CurrentVersion\Uninstall\*";""
"SMITE - Public Test";"";"Hi-Rez Studios";"HKLM:\Software\Microsoft\Windows\CurrentVersion\Uninstall\*";""
"Sniper Elite 5";"";"Rebellion";"HKLM:\Software\Microsoft\Windows\CurrentVersion\Uninstall\*";""
"Soul Dossier";"";"（Hong Kong）GKD";"HKLM:\Software\Microsoft\Windows\CurrentVersion\Uninstall\*";""
"South Park™: The Stick of Truth™";"";"Obsidian Entertainment";"HKLM:\Software\Microsoft\Windows\CurrentVersion\Uninstall\*";""
"SPACE DANCE";"";"BIPDIP";"HKLM:\Software\Microsoft\Windows\CurrentVersion\Uninstall\*";""
"Space Engineers";"";"Keen Software House";"HKLM:\Software\Microsoft\Windows\CurrentVersion\Uninstall\*";""
"SpellForce 3: Versus Edition";"";"Grimlore Games";"HKLM:\Software\Microsoft\Windows\CurrentVersion\Uninstall\*";""
"Spiral Knights";"";"Grey Havens";"HKLM:\Software\Microsoft\Windows\CurrentVersion\Uninstall\*";""
"Spore";"";"Maxis™";"HKLM:\Software\Microsoft\Windows\CurrentVersion\Uninstall\*";""
"Spore: Creepy & Cute Parts Pack";"";"Maxis™";"HKLM:\Software\Microsoft\Windows\CurrentVersion\Uninstall\*";""
"Spore: Galactic Adventures";"";"EA - Maxis";"HKLM:\Software\Microsoft\Windows\CurrentVersion\Uninstall\*";""
"Star Trek Online";"";"Cryptic Studios";"HKLM:\Software\Microsoft\Windows\CurrentVersion\Uninstall\*";""
"STAR WARS™: The Old Republic™";"";"Broadsword";"HKLM:\Software\Microsoft\Windows\CurrentVersion\Uninstall\*";""
"StarCraft II";"";"Blizzard Entertainment";"HKLM:\Software\WOW6432Node\Microsoft\Windows\CurrentVersion\Uninstall\*";""
"Starfield";"";"Bethesda Game Studios";"HKLM:\Software\Microsoft\Windows\CurrentVersion\Uninstall\*";""
"Steam";"2.10.91.91";"Valve Corporation";"HKLM:\Software\WOW6432Node\Microsoft\Windows\CurrentVersion\Uninstall\*";""
"Stronghold Crusader Extreme HD";"";"Firefly Studios";"HKLM:\Software\Microsoft\Windows\CurrentVersion\Uninstall\*";""
"Stronghold Crusader HD";"";"FireFly Studios";"HKLM:\Software\Microsoft\Windows\CurrentVersion\Uninstall\*";""
"Stronghold Crusader: Definitive Edition";"";"FireFly Studios";"HKLM:\Software\Microsoft\Windows\CurrentVersion\Uninstall\*";""
"Stronghold Kingdoms";"";"FireFly Studios";"HKLM:\Software\Microsoft\Windows\CurrentVersion\Uninstall\*";""
"Stronghold: Definitive Edition";"";"FireFly Studios";"HKLM:\Software\Microsoft\Windows\CurrentVersion\Uninstall\*";""
"SUCCUBUS";"";"Madmind Studio";"HKLM:\Software\Microsoft\Windows\CurrentVersion\Uninstall\*";""
"Tales from the Borderlands";"";"Telltale Games";"HKLM:\Software\Microsoft\Windows\CurrentVersion\Uninstall\*";""
"TeamSpeak 3 Client";"3.6.2";"TeamSpeak Systems GmbH";"HKLM:\Software\Microsoft\Windows\CurrentVersion\Uninstall\*";""
"TeamSpeak Overlay";"1.0.0.2";"Overwolf app";"HKCU:\Software\Microsoft\Windows\CurrentVersion\Uninstall\*";"20250216"
"TEKKEN 7";"";"BANDAI NAMCO Studios Inc.";"HKLM:\Software\Microsoft\Windows\CurrentVersion\Uninstall\*";""
"TEKKEN 8";"";"Bandai Namco Studios Inc.";"HKLM:\Software\Microsoft\Windows\CurrentVersion\Uninstall\*";""
"TERA";"";"Bluehole, Inc.";"HKLM:\Software\Microsoft\Windows\CurrentVersion\Uninstall\*";""
"The Curse of Monkey Island";"";"LucasArts";"HKLM:\Software\Microsoft\Windows\CurrentVersion\Uninstall\*";""
"The Elder Scrolls Online";"";"ZeniMax Online Studios";"HKLM:\Software\Microsoft\Windows\CurrentVersion\Uninstall\*";""
"The Secret of Monkey Island: Special Edition";"";"LucasArts";"HKLM:\Software\Microsoft\Windows\CurrentVersion\Uninstall\*";""
"The Sims™ 4";"";"Maxis";"HKLM:\Software\Microsoft\Windows\CurrentVersion\Uninstall\*";""
"The story of archer";"";"Enoops";"HKLM:\Software\Microsoft\Windows\CurrentVersion\Uninstall\*";""
"The Witcher 2: Assassins of Kings Enhanced Edition";"";"CD PROJEKT RED";"HKLM:\Software\Microsoft\Windows\CurrentVersion\Uninstall\*";""
"The Witcher 3: Wild Hunt";"";"CD PROJEKT RED";"HKLM:\Software\Microsoft\Windows\CurrentVersion\Uninstall\*";""
"Torchlight II";"";"Runic Games";"HKLM:\Software\Microsoft\Windows\CurrentVersion\Uninstall\*";""
"Torchlight III";"";"Echtra Inc.";"HKLM:\Software\Microsoft\Windows\CurrentVersion\Uninstall\*";""
"Torchlight: Infinite";"";"XD";"HKLM:\Software\Microsoft\Windows\CurrentVersion\Uninstall\*";""
"Total War: EMPIRE - Definitive Edition";"";"CREATIVE ASSEMBLY";"HKLM:\Software\Microsoft\Windows\CurrentVersion\Uninstall\*";""
"Total War: WARHAMMER III";"";"CREATIVE ASSEMBLY";"HKLM:\Software\Microsoft\Windows\CurrentVersion\Uninstall\*";""
"TransMac version 15.4";"15.4";"Acute Systems";"HKLM:\Software\WOW6432Node\Microsoft\Windows\CurrentVersion\Uninstall\*";"20260105"
"Tropico 6";"";"Limbic Entertainment";"HKLM:\Software\Microsoft\Windows\CurrentVersion\Uninstall\*";""
"Turtle Beach Audio Driver 1.0.66.0";"1.0.66.0";"Waves Audio Ltd";"HKLM:\Software\Microsoft\Windows\CurrentVersion\Uninstall\*";"20230316"
"Ubisoft Connect";"170.2.13140";"Ubisoft";"HKLM:\Software\WOW6432Node\Microsoft\Windows\CurrentVersion\Uninstall\*";""
"UE Prerequisites (x64)";"1.0.20.0";"Epic Games, Inc.";"HKLM:\Software\WOW6432Node\Microsoft\Windows\CurrentVersion\Uninstall\*";""
"UniGetUI";"2026.1.8";"Devolutions Inc.";"HKLM:\Software\WOW6432Node\Microsoft\Windows\CurrentVersion\Uninstall\*";"20260505"
"Unity 6000.4.0f1";"6000.4.0f1";"Unity Technologies ApS";"HKLM:\Software\Microsoft\Windows\CurrentVersion\Uninstall\*";""
"Unity Hub 3.17.3";"3.17.3";"Unity Technologies Inc.";"HKLM:\Software\Microsoft\Windows\CurrentVersion\Uninstall\*";""
"Universal Adb Driver";"1.0.0";"ClockworkMod";"HKLM:\Software\WOW6432Node\Microsoft\Windows\CurrentVersion\Uninstall\*";"20241107"
"Universal CRT Extension SDK";"10.1.22621.5040";"Microsoft Corporation";"HKLM:\Software\WOW6432Node\Microsoft\Windows\CurrentVersion\Uninstall\*";"20250521"
"Universal CRT Headers Libraries and Sources";"10.1.22621.5040";"Microsoft Corporation";"HKLM:\Software\WOW6432Node\Microsoft\Windows\CurrentVersion\Uninstall\*";"20250521"
"Universal CRT Redistributable";"10.1.22621.5040";"Microsoft Corporation";"HKLM:\Software\WOW6432Node\Microsoft\Windows\CurrentVersion\Uninstall\*";"20250521"
"Universal CRT Tools x64";"10.1.22621.5040";"Microsoft Corporation";"HKLM:\Software\Microsoft\Windows\CurrentVersion\Uninstall\*";"20250521"
"Universal CRT Tools x86";"10.1.22621.5040";"Microsoft Corporation";"HKLM:\Software\WOW6432Node\Microsoft\Windows\CurrentVersion\Uninstall\*";"20250521"
"Universal General MIDI DLS Extension SDK";"10.1.22621.5040";"Microsoft Corporation";"HKLM:\Software\WOW6432Node\Microsoft\Windows\CurrentVersion\Uninstall\*";"20250521"
"Valheim";"";"Iron Gate AB";"HKLM:\Software\Microsoft\Windows\CurrentVersion\Uninstall\*";""
"vcpp_crt.redist.clickonce";"14.34.31938";"Microsoft Corporation";"HKLM:\Software\WOW6432Node\Microsoft\Windows\CurrentVersion\Uninstall\*";"20230419"
"Victoria 3";"";"Paradox Development Studio";"HKLM:\Software\Microsoft\Windows\CurrentVersion\Uninstall\*";""
"Victoria II";"";"Paradox Development Studio";"HKLM:\Software\Microsoft\Windows\CurrentVersion\Uninstall\*";""
"Visual Studio Build Tools 2019";"16.11.55";"Microsoft Corporation";"HKLM:\Software\WOW6432Node\Microsoft\Windows\CurrentVersion\Uninstall\*";"20260504"
"Visual Studio Build Tools 2022";"17.14.31";"Microsoft Corporation";"HKLM:\Software\WOW6432Node\Microsoft\Windows\CurrentVersion\Uninstall\*";"20231010"
"VS Script Debugging Common";"17.0.157.0";"Microsoft Corporation";"HKLM:\Software\Microsoft\Windows\CurrentVersion\Uninstall\*";"20250216"
"vs_communitymsires";"17.14.36015";"Microsoft Corporation";"HKLM:\Software\WOW6432Node\Microsoft\Windows\CurrentVersion\Uninstall\*";"20250521"
"vs_communitysharedmsi";"17.14.36025";"Microsoft Corporation";"HKLM:\Software\WOW6432Node\Microsoft\Windows\CurrentVersion\Uninstall\*";"20250521"
"vs_communityx64msi";"17.14.36025";"Microsoft Corporation";"HKLM:\Software\Microsoft\Windows\CurrentVersion\Uninstall\*";"20250521"
"vs_CoreEditorFonts";"17.7.40001";"Microsoft Corporation";"HKLM:\Software\WOW6432Node\Microsoft\Windows\CurrentVersion\Uninstall\*";"20231010"
"vs_filehandler_amd64";"17.14.36024";"Microsoft Corporation";"HKLM:\Software\WOW6432Node\Microsoft\Windows\CurrentVersion\Uninstall\*";"20250521"
"vs_filehandler_x86";"17.14.36024";"Microsoft Corporation";"HKLM:\Software\WOW6432Node\Microsoft\Windows\CurrentVersion\Uninstall\*";"20250521"
"vs_FileTracker_Singleton";"17.14.36015";"Microsoft Corporation";"HKLM:\Software\WOW6432Node\Microsoft\Windows\CurrentVersion\Uninstall\*";"20250521"
"vs_githubprotocolhandlermsi";"17.14.36015";"Microsoft Corporation";"HKLM:\Software\WOW6432Node\Microsoft\Windows\CurrentVersion\Uninstall\*";"20250521"
"vs_minshellinteropmsi";"17.14.36015";"Microsoft Corporation";"HKLM:\Software\WOW6432Node\Microsoft\Windows\CurrentVersion\Uninstall\*";"20250521"
"vs_minshellinteropsharedmsi";"17.14.36015";"Microsoft Corporation";"HKLM:\Software\WOW6432Node\Microsoft\Windows\CurrentVersion\Uninstall\*";"20250521"
"vs_minshellmsi";"17.14.36301";"Microsoft Corporation";"HKLM:\Software\WOW6432Node\Microsoft\Windows\CurrentVersion\Uninstall\*";"20250816"
"vs_minshellmsires";"17.14.36015";"Microsoft Corporation";"HKLM:\Software\WOW6432Node\Microsoft\Windows\CurrentVersion\Uninstall\*";"20250521"
"vs_minshellsharedmsi";"17.14.36024";"Microsoft Corporation";"HKLM:\Software\WOW6432Node\Microsoft\Windows\CurrentVersion\Uninstall\*";"20250521"
"vs_vswebprotocolselectormsi";"17.14.36323";"Microsoft Corporation";"HKLM:\Software\WOW6432Node\Microsoft\Windows\CurrentVersion\Uninstall\*";"20250816"
"vs_vswebprotocolselectormsires";"17.14.36323";"Microsoft Corporation";"HKLM:\Software\WOW6432Node\Microsoft\Windows\CurrentVersion\Uninstall\*";"20250816"
"Wallpaper Engine";"";"Wallpaper Engine Team";"HKLM:\Software\Microsoft\Windows\CurrentVersion\Uninstall\*";""
"Wanderburg Demo";"";"Randwerk";"HKLM:\Software\Microsoft\Windows\CurrentVersion\Uninstall\*";""
"War Robots";"";"Pixonic";"HKLM:\Software\Microsoft\Windows\CurrentVersion\Uninstall\*";""
"War Thunder";"";"Gaijin Entertainment";"HKLM:\Software\Microsoft\Windows\CurrentVersion\Uninstall\*";""
"Warframe";"";"Digital Extremes";"HKLM:\Software\Microsoft\Windows\CurrentVersion\Uninstall\*";""
"Wargaming.net Game Center for Steam";"24.6.1.7231";"Wargaming.net";"HKCU:\Software\Microsoft\Windows\CurrentVersion\Uninstall\*";""
"WiFiman Desktop";"1.2.8";"wifiman";"HKLM:\Software\Microsoft\Windows\CurrentVersion\Uninstall\*";""
"WinAppDeploy";"10.1.22621.5040";"Microsoft Corporation";"HKLM:\Software\WOW6432Node\Microsoft\Windows\CurrentVersion\Uninstall\*";"20250521"
"Windows App Certification Kit Native Components";"10.1.22621.5040";"Microsoft Corporation";"HKLM:\Software\Microsoft\Windows\CurrentVersion\Uninstall\*";"20250521"
"Windows App Certification Kit SupportedApiList x86";"10.1.22621.5040";"Microsoft Corporation";"HKLM:\Software\WOW6432Node\Microsoft\Windows\CurrentVersion\Uninstall\*";"20250521"
"Windows App Certification Kit x64";"10.1.22621.5040";"Microsoft Corporation";"HKLM:\Software\WOW6432Node\Microsoft\Windows\CurrentVersion\Uninstall\*";"20250521"
"Windows App Certification Kit x64 (OnecoreUAP)";"10.1.22621.5040";"Microsoft Corporation";"HKLM:\Software\WOW6432Node\Microsoft\Windows\CurrentVersion\Uninstall\*";"20250521"
"Windows Desktop Extension SDK";"10.1.22621.5040";"Microsoft Corporation";"HKLM:\Software\WOW6432Node\Microsoft\Windows\CurrentVersion\Uninstall\*";"20250521"
"Windows Desktop Extension SDK Contracts";"10.1.22621.5040";"Microsoft Corporation";"HKLM:\Software\WOW6432Node\Microsoft\Windows\CurrentVersion\Uninstall\*";"20250521"
"Windows IoT Extension SDK";"10.1.22621.5040";"Microsoft Corporation";"HKLM:\Software\WOW6432Node\Microsoft\Windows\CurrentVersion\Uninstall\*";"20250521"
"Windows IoT Extension SDK Contracts";"10.1.22621.5040";"Microsoft Corporation";"HKLM:\Software\WOW6432Node\Microsoft\Windows\CurrentVersion\Uninstall\*";"20250521"
"Windows Mobile Extension SDK";"10.1.22621.5040";"Microsoft Corporation";"HKLM:\Software\WOW6432Node\Microsoft\Windows\CurrentVersion\Uninstall\*";"20250521"
"Windows Mobile Extension SDK Contracts";"10.1.22621.5040";"Microsoft Corporation";"HKLM:\Software\WOW6432Node\Microsoft\Windows\CurrentVersion\Uninstall\*";"20250521"
"Windows SDK";"10.1.22621.5040";"Microsoft Corporation";"HKLM:\Software\WOW6432Node\Microsoft\Windows\CurrentVersion\Uninstall\*";"20250521"
"Windows SDK AddOn";"10.1.0.0";"Microsoft Corporation";"HKLM:\Software\WOW6432Node\Microsoft\Windows\CurrentVersion\Uninstall\*";"20230919"
"Windows SDK ARM Desktop Tools";"10.1.22621.5040";"Microsoft Corporation";"HKLM:\Software\WOW6432Node\Microsoft\Windows\CurrentVersion\Uninstall\*";"20250521"
"Windows SDK Desktop Headers arm";"10.1.22621.5040";"Microsoft Corporation";"HKLM:\Software\WOW6432Node\Microsoft\Windows\CurrentVersion\Uninstall\*";"20250521"
"Windows SDK Desktop Headers arm64";"10.1.22621.5040";"Microsoft Corporation";"HKLM:\Software\WOW6432Node\Microsoft\Windows\CurrentVersion\Uninstall\*";"20250521"
"Windows SDK Desktop Headers x64";"10.1.22621.5040";"Microsoft Corporation";"HKLM:\Software\WOW6432Node\Microsoft\Windows\CurrentVersion\Uninstall\*";"20250521"
"Windows SDK Desktop Headers x86";"10.1.22621.5040";"Microsoft Corporation";"HKLM:\Software\WOW6432Node\Microsoft\Windows\CurrentVersion\Uninstall\*";"20250521"
"Windows SDK Desktop Libs arm";"10.1.22621.5040";"Microsoft Corporation";"HKLM:\Software\WOW6432Node\Microsoft\Windows\CurrentVersion\Uninstall\*";"20250521"
"Windows SDK Desktop Libs arm64";"10.1.22621.5040";"Microsoft Corporation";"HKLM:\Software\WOW6432Node\Microsoft\Windows\CurrentVersion\Uninstall\*";"20250521"
"Windows SDK Desktop Libs x64";"10.1.22621.5040";"Microsoft Corporation";"HKLM:\Software\WOW6432Node\Microsoft\Windows\CurrentVersion\Uninstall\*";"20250521"
"Windows SDK Desktop Libs x86";"10.1.22621.5040";"Microsoft Corporation";"HKLM:\Software\WOW6432Node\Microsoft\Windows\CurrentVersion\Uninstall\*";"20250521"
"Windows SDK Desktop Tools arm64";"10.1.22621.5040";"Microsoft Corporation";"HKLM:\Software\WOW6432Node\Microsoft\Windows\CurrentVersion\Uninstall\*";"20250521"
"Windows SDK Desktop Tools x64";"10.1.22621.5040";"Microsoft Corporation";"HKLM:\Software\WOW6432Node\Microsoft\Windows\CurrentVersion\Uninstall\*";"20250521"
"Windows SDK Desktop Tools x86";"10.1.22621.5040";"Microsoft Corporation";"HKLM:\Software\WOW6432Node\Microsoft\Windows\CurrentVersion\Uninstall\*";"20250521"
"Windows SDK DirectX x64 Remote";"10.1.22621.5040";"Microsoft Corporation";"HKLM:\Software\Microsoft\Windows\CurrentVersion\Uninstall\*";"20250521"
"Windows SDK DirectX x86 Remote";"10.1.22621.5040";"Microsoft Corporation";"HKLM:\Software\WOW6432Node\Microsoft\Windows\CurrentVersion\Uninstall\*";"20250521"
"Windows SDK EULA";"10.1.22621.5040";"Microsoft Corporations";"HKLM:\Software\WOW6432Node\Microsoft\Windows\CurrentVersion\Uninstall\*";"20250521"
"Windows SDK Facade Windows WinMD Versioned";"10.1.22621.5040";"Microsoft Corporation";"HKLM:\Software\WOW6432Node\Microsoft\Windows\CurrentVersion\Uninstall\*";"20250521"
"Windows SDK for Windows Store Apps";"10.1.22621.5040";"Microsoft Corporation";"HKLM:\Software\WOW6432Node\Microsoft\Windows\CurrentVersion\Uninstall\*";"20250521"
"Windows SDK for Windows Store Apps Contracts";"10.1.22621.5040";"Microsoft Corporation";"HKLM:\Software\WOW6432Node\Microsoft\Windows\CurrentVersion\Uninstall\*";"20250521"
"Windows SDK for Windows Store Apps DirectX x86 Remote";"10.1.22621.5040";"Microsoft Corporation";"HKLM:\Software\WOW6432Node\Microsoft\Windows\CurrentVersion\Uninstall\*";"20250521"
"Windows SDK for Windows Store Apps Headers";"10.1.22621.5040";"Microsoft Corporation";"HKLM:\Software\WOW6432Node\Microsoft\Windows\CurrentVersion\Uninstall\*";"20250521"
"Windows SDK for Windows Store Apps Libs";"10.1.22621.5040";"Microsoft Corporation";"HKLM:\Software\WOW6432Node\Microsoft\Windows\CurrentVersion\Uninstall\*";"20250521"
"Windows SDK for Windows Store Apps Metadata";"10.1.22621.5040";"Microsoft Corporation";"HKLM:\Software\WOW6432Node\Microsoft\Windows\CurrentVersion\Uninstall\*";"20250521"
"Windows SDK for Windows Store Apps Tools";"10.1.22621.5040";"Microsoft Corporation";"HKLM:\Software\WOW6432Node\Microsoft\Windows\CurrentVersion\Uninstall\*";"20250521"
"Windows SDK for Windows Store Managed Apps Libs";"10.1.22621.5040";"Microsoft Corporation";"HKLM:\Software\WOW6432Node\Microsoft\Windows\CurrentVersion\Uninstall\*";"20250521"
"Windows SDK Modern Non-Versioned Developer Tools";"10.1.22621.5040";"Microsoft Corporation";"HKLM:\Software\WOW6432Node\Microsoft\Windows\CurrentVersion\Uninstall\*";"20250521"
"Windows SDK Modern Versioned Developer Tools";"10.1.22621.5040";"Microsoft Corporation";"HKLM:\Software\WOW6432Node\Microsoft\Windows\CurrentVersion\Uninstall\*";"20250521"
"Windows SDK Redistributables";"10.1.22621.5040";"Microsoft Corporation";"HKLM:\Software\WOW6432Node\Microsoft\Windows\CurrentVersion\Uninstall\*";"20250521"
"Windows SDK Signing Tools";"10.1.22621.5040";"Microsoft Corporation";"HKLM:\Software\WOW6432Node\Microsoft\Windows\CurrentVersion\Uninstall\*";"20250521"
"Windows Software Development Kit - Windows 10.0.22621.5040";"10.1.22621.5040";"Microsoft Corporation";"HKLM:\Software\WOW6432Node\Microsoft\Windows\CurrentVersion\Uninstall\*";""
"Windows Subsystem for Linux";"2.6.1.0";"Microsoft Corporation";"HKLM:\Software\Microsoft\Windows\CurrentVersion\Uninstall\*";"20250912"
"Windows Subsystem for Linux Update";"5.10.102.1";"Microsoft Corporation";"HKLM:\Software\Microsoft\Windows\CurrentVersion\Uninstall\*";"20231010"
"Windows Team Extension SDK";"10.1.22621.5040";"Microsoft Corporation";"HKLM:\Software\WOW6432Node\Microsoft\Windows\CurrentVersion\Uninstall\*";"20250521"
"Windows Team Extension SDK Contracts";"10.1.22621.5040";"Microsoft Corporation";"HKLM:\Software\WOW6432Node\Microsoft\Windows\CurrentVersion\Uninstall\*";"20250521"
"Windows 11-Installationsassistent";"1.4.19041.6448";"Microsoft Corporation";"HKLM:\Software\WOW6432Node\Microsoft\Windows\CurrentVersion\Uninstall\*";""
"Windows-PC-Integritätsprüfung";"4.0.2410.23001";"Microsoft Corporation";"HKLM:\Software\Microsoft\Windows\CurrentVersion\Uninstall\*";"20250216"
"WinRAR 7.22 (64-Bit)";"7.22.0";"win.rar GmbH";"HKLM:\Software\Microsoft\Windows\CurrentVersion\Uninstall\*";""
"WinRT Intellisense Desktop - en-us";"10.1.22621.5040";"Microsoft Corporation";"HKLM:\Software\WOW6432Node\Microsoft\Windows\CurrentVersion\Uninstall\*";"20250521"
"WinRT Intellisense Desktop - Other Languages";"10.1.22621.5040";"Microsoft Corporation";"HKLM:\Software\WOW6432Node\Microsoft\Windows\CurrentVersion\Uninstall\*";"20250521"
"WinRT Intellisense IoT - en-us";"10.1.22621.5040";"Microsoft Corporation";"HKLM:\Software\WOW6432Node\Microsoft\Windows\CurrentVersion\Uninstall\*";"20250521"
"WinRT Intellisense IoT - Other Languages";"10.1.22621.5040";"Microsoft Corporation";"HKLM:\Software\WOW6432Node\Microsoft\Windows\CurrentVersion\Uninstall\*";"20250521"
"WinRT Intellisense Mobile - en-us";"10.1.22621.5040";"Microsoft Corporation";"HKLM:\Software\WOW6432Node\Microsoft\Windows\CurrentVersion\Uninstall\*";"20250521"
"WinRT Intellisense PPI - en-us";"10.1.22621.5040";"Microsoft Corporation";"HKLM:\Software\WOW6432Node\Microsoft\Windows\CurrentVersion\Uninstall\*";"20250521"
"WinRT Intellisense PPI - Other Languages";"10.1.22621.5040";"Microsoft Corporation";"HKLM:\Software\WOW6432Node\Microsoft\Windows\CurrentVersion\Uninstall\*";"20250521"
"WinRT Intellisense UAP - en-us";"10.1.22621.5040";"Microsoft Corporation";"HKLM:\Software\WOW6432Node\Microsoft\Windows\CurrentVersion\Uninstall\*";"20250521"
"WinRT Intellisense UAP - Other Languages";"10.1.22621.5040";"Microsoft Corporation";"HKLM:\Software\WOW6432Node\Microsoft\Windows\CurrentVersion\Uninstall\*";"20250521"
"WireGuard";"1.0.1";"WireGuard LLC";"HKLM:\Software\Microsoft\Windows\CurrentVersion\Uninstall\*";"20260425"
"WORD Counter";"1.0.0";"WORD Counter";"HKLM:\Software\WOW6432Node\Microsoft\Windows\CurrentVersion\Uninstall\*";"20231122"
"World of Tanks";"";"Wargaming Group Limited";"HKLM:\Software\Microsoft\Windows\CurrentVersion\Uninstall\*";""
"World of Warcraft";"";"Blizzard Entertainment";"HKLM:\Software\WOW6432Node\Microsoft\Windows\CurrentVersion\Uninstall\*";""
"World of Warcraft Classic Era";"";"Blizzard Entertainment";"HKLM:\Software\WOW6432Node\Microsoft\Windows\CurrentVersion\Uninstall\*";""
"World of Warships";"";"Wargaming Group Limited";"HKLM:\Software\Microsoft\Windows\CurrentVersion\Uninstall\*";""
"Yu-Gi-Oh!  Master Duel";"";"Konami Digital Entertainment";"HKLM:\Software\Microsoft\Windows\CurrentVersion\Uninstall\*";""
"Yu-Gi-Oh! Duel Links";"";"KONAMI";"HKLM:\Software\Microsoft\Windows\CurrentVersion\Uninstall\*";""
"Zoom Workplace";"7.0.2 (34412)";"Zoom Communications, Inc.";"HKCU:\Software\Microsoft\Windows\CurrentVersion\Uninstall\*";""
